id,polyline
1684069249,_kniB}oe}MMEP?DEBDLM\q@FGBIGECUDGl@a@t@q@BMHIBWEKW[MYIICGQIg@k@a@KUM}@cA?Qd@q@LIV]FENSj@s@b@c@P[Z@HFj@x@P\Th@t@xAd@r@XPp@Xr@b@ZVXLx@f@lAd@RP^Lp@^vA`AjA`@jAh@n@h@lCv@RJtA\PLZLd@Vx@VRBdA\P@j@T\FDHr@^zEtBZRHJTJ@HCHa@^GJG\Fr@OvBWdC?j@Rn@T\h@f@n@r@LH^b@JFFLCDE?@GFAJBRLPNJPPb@RfA@\CbBKb@?l@Kh@@JBB?EEH
1637905743,ealiBstc}Ma@v@QXq@n@i@Ve@Jq@Hc@A[Gk@@c@MG@EFGj@I`BK~@?h@G?AKR_BBwADWCQEASL[D]?SBEBOE[?e@II?KF?XGR?EDME?RORI`@@b@JHGP?BCL?JEF?HABCDKLE?QCIa@[a@i@M]ESQwA?]He@@WF]Tm@PUFOXOPSBOFEb@OfASJAh@JLGHIHSDg@@]CIJi@DACu@GSBc@EIGg@@GUc@u@}@{@q@UWYKY[c@]Q[Ww@CQ@]XcCFiA?y@Js@FMP{@?MIKy@[uAq@mAc@iAq@gA_@_Ae@{@WUKkAUQKmA[UOe@Qm@S[Eg@Yi@U_@Gw@Wi@Wq@_@KIIMIEWEeAg@k@a@kBcAi@]i@UKMyAs@IICEeAo@EOMMU_@c@iA]o@Si@OYCAG?GB]b@k@j@o@~@]^OLCH?PDTZVVHHFJPCLIJi@Xo@l@q@bA]`@m@~@KVSVFLhAv@VRZ^ZVh@l@^XLP?NEPc@f@AHRh@A`@GR[ZAHFDFBDAFMDBGFIAQE@GDAEBJDW^EFALDNp@r@z@f@^J`@NDMG@@FVDCKKEED@LAXADGB@DEFQA@JCIDNCNEFDBNA@JC?SPAE@ECNENC`@YKEBCCDEDAXu@
1637412580,}fniBc_e}MYGFSGEO?QBOAAEMGK?UOi@e@YO}@q@IKCSHa@^[pA{Ax@s@FOh@s@b@}@NIR[l@o@DI`@a@P_@BKAKCOGMKAUOGIk@i@WSSIAIKCMWAG[K_@u@[WUISMMU@UJU`A}@TYLKJMVUFK@ERS?EHBBEREL@HFL\FDLRPh@Zd@Pj@Tf@\h@PPLDXRl@\x@\^^\LDFRHH?fAn@lBz@`@\v@`@f@ZlC~@n@N^N\HjBt@`@J`G|Bx@TNJvBz@^Rf@Rh@Zr@XRRFJ?FCDAXAHILOb@MxAEdBOnA?p@BZPd@JNj@h@`@Z@FRFDF\Vr@v@NXLHX^PNATB^DR?XH`@MFCb@GFCn@GRFRCNBFCDBFA^DDB@AKE?SZIn@Ol@DVBF?NADMFYjAKDJGF?`@sBKJEJ@EADECCG?GBIDAm@p@JI
1635776187,{_liBezc}M?JKXGBENBt@Eb@O~@Rz@J~@FLj@XXT`@NTV`@\PPNHb@NXD~Ar@d@N~@d@dBp@P?DBEBKCi@[gAi@_@Qu@Ue@W]Ie@UYCe@Oc@e@i@[a@[mAq@CG@MAIY{@EEGOWESd@m@n@WP}@Z_AHm@CGHCVE@IEPJBXMPOHCHbAkC@NIPCDc@^AL@MAEIGFA@C@MEKq@So@e@YIQUGQWc@Yw@OaAA]Hk@ZaAZk@n@o@`@QRAl@Mj@IDDD@VAVKJe@@u@Jo@Bw@Ck@OaAOk@KYqBiBa@YgAeAKYUa@Ck@Hw@Nq@DgAAIBUCMFOAY@_@Ny@Ps@ASIIKE{@Wi@Ys@Se@[eBu@c@Qq@Qq@_@{@Q]OSCsAi@UEwAi@SEcAe@GGUM]KUM]M]OIKu@U{As@uHcEiCmAWWYk@k@u@Us@OQWo@SWQc@EA[RWb@c@^OTMHUXOHWXI\?Nb@b@j@Td@z@TPXXXRRT|AtANP@F?PAFWLKJMV}@bA]f@Q^UVYd@i@l@QJILK^BLL^BPANKVa@\AFBFHFF?PMP?CCQ?
1635776132,ymniByge}M]P@IDCABXEF?FEfAwA~AeBN]R[ZWP[NKBGNIHODQXUJUA_@GEEKEECOGAa@k@]YsAsA[Mk@OQ_@][S_@?INS`@Ur@o@JW^c@l@{@NKFAP@DDF^PVXr@\h@Zx@R`@VXd@\~BjAj@`@fBv@bB`Ar@V`@VXVdAn@h@Pf@Tx@PjCz@zAn@ZHpAd@nBl@p@\h@Lj@Vp@RbAh@|@b@HLrAp@FHLT@LOZE?BED@AL@QAQDB@JQp@E\IN?l@GR@JGh@?JFLCJGFGf@CB?HCRAb@@ZDXN\dCrBBFXPBJj@f@v@fAAPNZBNG`BBNSR@JI?@NFLILBHFJ?HEDCJKPAHDJF@HGMNWJJD@DCJAZ
1633704984,wmniBoge}MTYXUR_@LIHU^e@HQPQ?GDGDGRIBKp@k@BKFG@K^c@JQF?P_@RODI?IQ_@AIMS[[W][]UQo@u@[O]CMOKU]c@]SG?E@GDc@l@i@f@STOFgAhA_@TAHy@v@[b@YTEHGDe@j@k@d@BHWTGBk@l@KROHINc@T_@^Q^_@`@KVMLWf@YTMVQRa@t@a@b@}@rA]bASZMh@KJk@hBSd@q@bA_AjAKTi@j@_@Zu@d@w@j@w@n@WJoAdA{DpCcAbAUZkBrBMD{@|@g@^oAxAID]b@]ZmAr@SPm@^EFWP}CnBeAj@y@n@{Az@]Vo@XS@EECQIMMEQMaAy@_@_@g@_@OOYSi@]SOUYg@_@][i@y@Km@IO{@aBIG_@k@u@aBa@S{Bc@u@YSE{@[UKGK[KKQDm@Ag@DkAGGq@G_@KKO?UFi@?_@BQFKX]JS|@wCh@oAjAsBZu@^q@\}@ZsAd@wAH]Da@Z}@VeBFKFa@b@{A^cAf@{Bv@}BR{@Tg@Je@b@aA|@cCXk@l@eBXi@b@g@n@sAd@{AFKPk@\y@JQbAkC\sAlAsCPo@DEP_@IQEAW@YMIAEF?JDFJFO@CHNl@CNoBbFOHM?IG]k@UUiAu@a@Q}@{@Y_@c@[a@S_@]e@_@QEk@e@I@GC[[G?A]Fq@z@}HHyAPoADIHCZALGj@CPGv@c@NQ?KHMFWJ[LOTOBKPSL[JGDN?PDFVJFHBHCTM^[`BG`ALhBBt@Dr@FL\Dd@Gb@Mx@Kd@?DAXQh@_ALKRCzAa@x@MdBKPZBL?Fu@zAq@fBq@tAi@|@Sh@SXIVMLk@Rc@TWHO@kAk@y@QwCcAo@Ma@QsBu@kBi@EM?GReAPkCHe@HmADKNOl@Cp@KRMn@YV]B]La@PQ`@WNUDYDEHABFARBDNDDDBXOvAa@|BFxANnABL@ZFPXFNCRGCDc@?WFEADIR?LDN?rAYv@EXEJEHIXe@TWPKr@Uj@IfAW`@Ed@@N@Xb@ERi@hAIV_AzBy@tA]|@Yf@KVCDkAb@QJGHGLALJr@JT?JqAdD_@jAGJK@SIa@k@oAy@aBqAk@m@_@Ui@Qi@g@WYiBcAKKCQ@S^uCBe@Hi@h@cHDOdBQt@a@TUPYZcATMXYN_@HMD@BVJJTJFPAPGZINSlAK`A@z@X~C@NCDBDf@AtA[fAEd@IHI\w@LKPKr@GXI\EzA]p@BRJJN?DENIHe@nAg@dAAHMNMXYh@WPGHGNEn@c@r@O^KHqAf@AFFPTRJD@BFIJDJINc@h@gA`@cA\m@dBqDrA{CR]Zy@d@_ATo@^u@p@eBbA{Dd@y@\]NUPe@T_@La@DEPIT?p@N^?`@N\Ax@BRCTDhENRDHCf@FpADL?LCXA`D@t@Ej@IlBc@p@Ax@FDDED[?a@N}@?UDm@@m@PS?CDANGnAAz@r@NVNd@Hr@XHFJDL?NFLCH?`@Jv@L`@JVBf@Jl@Ht@THDPTANQ`AKZC\IVSx@EF[~BEp@?bBFr@Ed@B|@AfBCb@JjAIhCB|@Ad@?nCCdBL|ARhALRTXf@`@F@VTn@f@XLZJXXnA`@h@Vf@PNLVJPBFHRFf@XFFr@PJARKd@m@NGD@@HGLKHU\w@x@W^s@n@IXFXNRJFDHH@TPZl@p@f@jAlAfAt@JR@PCP_@j@WZWPY^SN]v@aA~@c@r@GPCNBPNb@@ZENGLYPAF?ND@@DDC
1630286952,ixniBsnl}MJDZCLLP@r@Mb@SLKN\DBEH_@N_@ZcA^m@L_Ar@i@Xi@d@OZQRSLe@f@_@\e@Vo@h@_A`@{@d@KLIDKLcAn@iAdAUZEN?NDXDN`@r@X^^p@TXN\f@r@HFvB`@^PdARtBl@v@\x@r@n@\TRj@^dA^rCvAL@RJn@L`BDtAL|AXnAHjCM\EP?|@GfBBVBn@?XEf@@HA|@Bj@ClE@JEf@?VEdB]ApATJh@p@f@t@B?x@`Ad@`@NFZTn@z@tA|A`@^^b@VR\LNBv@HlA@tAC`AIvAG`DIdD[tDe@vBSd@KfCM`@EpAG`@@r@PfA^RLXJDDLx@CVORsCfC_ClC{BtD_@f@OL]j@u@dAg@`AsA~Ae@v@u@h@aB~Ac@\kAlAo@d@[\s@`@c@\{@h@_Av@Yb@w@z@_@f@Wh@U\aCzBu@~@MTMJk@~@{@jA_@t@}@jAm@fASTsAhBw@pAKV{@jAu@zAQLkAvB]x@KXm@jAU^}@lBq@hAe@tAK^O`@EVSf@]nAaBxEKf@Qb@WnAe@rAW`A{@~Bi@r@wAbBwAfBc@p@GNsAnBy@~@CFwA|AIVDTDGJFNNBH?\ERGJ]Z[n@s@v@[v@[\SXQ\AHHNf@j@b@b@f@\NTZH`@ZVZDN@LELaClDEJBHDHZDRVNHl@p@`@XPHHHBH\FHELH@FD?@FCBCJGCJGEG
1629564404,ogniB_oe}MPORm@TSd@u@ZSPUJYAMQYYW_@i@k@g@S[}@m@u@UEI?SGOKMAGMIIAOBGBmAt@[\q@h@}@|@cAx@wCzCGBeBnBCBEA@Gb@u@n@u@dDcDf@m@XW^a@l@k@FKfAeAdAkAnAgAPQ@EAKKKOEg@Wk@Ue@Ku@YsFeCo@q@q@_A[]KUOk@Gu@@[COJ{@Ae@FgBCG?aBGyA?_@EUBU?eBKyE@sCBw@fAoFHu@T{@@UCGOIwAWgEeA[EOESCYKc@CcB_@IKCi@?QNy@EWMKcCKo@Ao@GkA?}@De@CU@w@Gi@?eAGw@?MCKBWCi@?w@Ew@QI@aBs@g@]{C}AmB{@m@c@e@[AEBMEIs@o@W[ME}@Q[Ee@ASGQQCMBYJm@ZkAb@{CHq@D}@Ji@BW@KHCAK@MN_@A]BUDeBDc@HiALeADWRQDc@H]?UFSPqAFWFKDY?MJu@DeAAsABQBkAD{@@aBHwCHc@Ru@Ne@Zo@d@u@j@o@@Gl@{@f@i@RKZUXOz@{@lAu@PQf@YPSf@}@r@u@f@]p@YnAy@bAk@~AwALUp@s@z@m@b@k@D?HKvAmAh@_@b@_@HMPMr@}@JARQH?ZK\U`CsAb@_@DKFELCz@q@^e@JILEZULO@KIUOYGS@I`@i@DCL?HKBGIAAIBChAx@CsAa@`@?GV^_@H[LH@MB?J
1628483935,}fniBg~d}MGYU?QCEE?Ik@UaAgAe@a@UUEAMIASJ]l@aAP_@j@u@FO\YdA}APO^g@h@aABK\YXYDI@KCGKM_ByAUMcAeAUIQCQIKi@EGOMIMAYBQDGf@a@NSXm@r@k@`@q@JIFAPF^h@fAnBj@lAV\n@b@BDPDJHPFbB~@f@RrAt@b@PxBtA\L|@h@fAZ^RnA^b@NVNbBb@d@Rh@HbBp@b@NpAh@bATl@^rAj@ZR`EpB~@n@lBz@vAr@dBl@tAt@XPJJ\RjB|@`B`AnAp@b@LZRdDfBpCbBpBdAr@f@vBlAp@f@l@Vh@Zj@RbAl@dAf@r@d@fAl@^NPBJEDGHeA^gBv@_CRe@BOv@yAHOHEn@iAp@}@BM~@sB`@iA|@qDTuBAKTmBb@eAj@c@RIp@a@v@WF@NHFIH?DEh@WDB?HCZs@pCITEZMRKZILEC@I^u@Ni@JYFIDQ@S`@oABYCEoAVy@Zg@^a@TCD[Ta@t@Ql@InAMhAIDEHOfAe@lBEHId@Qh@s@dByA|Bm@nAiAlBIRa@pAc@rBM~AALFVJVHPx@j@nAj@~@l@XLf@\r@Tl@\d@NfAh@xBrAf@V`B`Av@`@XXNL^Rd@NrAx@VLdBbAf@`@l@X`@LFH^PrAt@TRlAp@j@RdAj@^XpAn@^\tB`AJHd@X`@Pf@\f@Rf@Vb@\jAh@hCzAbAb@lAv@f@TRNj@Vh@\vBfAXPVHp@d@jAl@r@Z~@j@~@d@z@Tz@LTBZ?nANP?vBVL?TBNHTDZZDHPRLH\d@TRh@JXAPGH?TFHL@NCNOVMViAbBi@hAcC~GY|@K`@@FBBd@Rr@f@XLHP?d@Gz@?f@OjB?`@B`@Ep@?`@CZAl@GZG|@QFc@Ce@BIAoBe@M?QFMx@Ux@E~@QtAw@vEKdAK\EBWBCFMxAIJIf@EAAEFm@Lm@B]Le@BS?K`@qB^oCl@wDFk@Lk@JaA\aBb@mCz@}DrAiFf@gB`@eALSb@kAH]h@sAxAuB?EDGAGGMMEYAsAe@SUs@cAQMyASqBKa@Gk@AiCWE?OCaAa@g@YkB_A_@YgAg@cC}As@[cAm@SQc@QmAq@a@OiBeAiB}@wAy@cAe@w@e@WUo@[m@e@sAk@g@[k@U_@Uk@c@gBcAk@Uc@Yw@]cBcA{C{AcBcAqCuA_@KYO}ByA_E{B{Au@[Ye@Sa@W}BmAuAy@ME_@Ua@a@k@c@e@SoAe@yBiAKAi@WeCyA}@c@c@]mAm@u@c@s@_@qAi@y@k@SI[SoDoB]WgJgF}FoCcCqA{BaAsAu@}@]gCqA_Bo@_@Km@Ym@MmAc@k@QaKqD{Au@{A}@mDgBs@a@aBiA_Ag@YUW[{@oB_@o@GUg@cAIc@?WNa@PQ^o@TWR]X]T_@\ENGdAwALEXJF?JK\gAr@iBBSHO?IFGBKNWRw@@UFWXq@\sA`@y@^gAD??ME?HTEBGGBBCRKVWz@KBa@KIF_CrHgAdDQTSRe@t@}AfB_@n@y@dAsA|Bu@`AAFk@b@g@n@[VGT?PBF\HHRBv@EHm@x@MHKBWX{@rAi@h@IXCTDR^ZFAD@bA`Af@Xr@l@LNPd@AL[VkAfBMXSVCJ@Hh@PXVXNJXPLh@p@HFZDRHFDBJ
1624429057,_lniBgje}MRG`@m@RQ\Ut@gATc@V[JYJSZSBGLKFI@GLMGWGOaAmAyBkBi@QEEOo@OSKE?c@JOn@e@JQDADQHOZUNOTa@Bw@\u@TUb@s@d@i@z@oA`@e@r@cAXk@R[f@yAt@kCf@uAf@}A`@cAlBmGbAwCvAaCj@oAd@}@Pe@`@o@R]BKh@u@Xq@n@aAFSf@eApAkBZq@^g@|BiDfCkDnGuHx@}@`DiD`@[h@m@lAgAtAwAh@a@hAgAdDoDl@{@h@}@t@gAh@m@nAcB\s@h@i@b@k@`@m@jAoA\m@x@}@n@}@?QMSSGc@Wu@Wg@Cy@@i@Dg@@y@GY@e@CMCOIMCu@d@]?[BYCYD]Pm@PiARy@PeALk@Lo@?q@F_CHo@Fo@Ak@B[AW@eBKg@OSCYRGACMHe@EKo@g@e@g@}@mAaBcBiA{Aw@}@k@e@oAo@M?GAKHM@OHECO@iAAm@Bk@A_@BoAIy@@UAY@m@Au@BSBeA@kADw@Ka@AIBq@By@C}@KY?m@Co@KqCUo@IeA_@oAo@aAq@e@Sc@]YMu@s@y@i@g@OgAS_@OIAKB[EE??FBEAGe@GGE[C_@Oe@IyAm@YY]y@oAwBU[IUEGCO?MJk@DK~AkBv@g@f@c@p@c@XM|@g@b@QZSFKzBeBl@u@ZUfAm@~@q@^K`@Wr@[XI~@g@`CqB^_@l@e@bB}AtBcBp@u@ZUF?JMRIJMh@Wv@Oh@AXIL?x@OZKRCHOvAe@j@[b@e@ZoADa@?aBIiBAc@@YFe@AO^yA@OJe@?OFIBSDEBUJuB@qAHYVoBh@aB^u@@WFQR_BVaANc@DYf@kAHOXWl@{@TSVg@L_@^q@x@_CDm@b@cBBa@AQi@q@We@MKAWDOHKXQ`@_@JQz@i@b@m@\YNg@JKf@OdAQtAg@^IHGNYRSLGPALCfAq@Na@f@y@RUPKPSXQJMJU`@uANWL_@PURMDWVO@QE_AFk@n@yBJQ`@eAJe@`@s@PO^i@@GHI`@{@LEZu@Va@DMRS`@GX@h@Nh@Fj@CBIPUJGNSDKpAyB?OVUTc@PS`@mA|@}AVk@\k@HY@IIa@GMKIEUKy@Ac@I]Qe@Ac@B[`@}AHOHKb@[PQP]z@g@h@g@FM?MEMqAwB?ELUVQPW`BaBj@w@LUXYHQZYT[HAJYHEPWPGDKNQFCN]CYGOkAqAOAQSo@u@GM[c@_Ay@]c@MIiAiAaBuAkBiB_@U[[cA}Aw@aAQMIKWOOBEBIVA^D^KnAIbBG^Un@g@tBe@~@KZ?HELIJOZE@SHK@s@Pc@RUNKLuBbBYd@Uf@Ol@CFEZEJGt@g@pCc@hBWrCS`ACBIAJYNAFCFO@ICOF_@FMR{AVu@Bk@b@cCFgALu@Xc@h@sAx@}@n@i@DGj@]VIR?bAg@Vc@Lg@NYHa@DC?QZo@NODQLQLWDYH}@Aa@Di@AUBq@EQ@GAOBK?SJQNGF@RN\p@t@x@Zh@VTHDDC@EOk@@QHG`@g@NWF]JGDBHPT^VXVLJBr@H\AnAg@TWTgATc@b@}ANQ@Qd@kB^}@Fa@DEDWFQReAXaAZkBR]FQFi@DEF?VFVQBEBMHGVcARY?IEMASDS?WFGDKBWFKB_@JQ@SFKL@DOLCn@L`@@LFVFd@D@DdABZC`BPj@@\Lf@LTBPFj@HHAFGTs@JOLo@XQFMJa@AWd@aAVu@?IN[DEVc@j@e@p@y@R[FCH@DCdA_AvAo@b@O`Aa@DGEY@]Cc@?w@DQJGFKZAj@BREP@VOBGDc@EMEAcBQQDI?SQiAKSB_AMY?o@QqAAOEOVIf@EC?ELiA?YEE[MYOWS[Sg@SICQ@WIUB@BD?VUKRJCPBdAZ^\d@VHNw@g@aAg@SE@ED?`@TVJh@^^NLJErA@dAO~AIfBQx@WbBEz@H|@Rj@BBFAt@{@n@e@Re@jAw@x@e@fBg@VEVAtAHl@ANCZMdAm@RE\Cv@?vAFb@AjBPv@LLHNPDNANkAfDEPD`@H`@p@nA~@pBf@n@RJhChAvEjAl@LHJDJp@fCJj@@RA\Bh@G`AS|@WdBiBdFOXSNq@\{Bv@o@ZUZEj@B\x@vBJp@Ep@QrAs@tBs@nAKHUd@Mj@WzCEZg@nBQnAUhAEf@OrA[bBq@|Ag@x@a@h@S^o@v@g@XQPKBAJ?HDJ^n@X\jAn@jD|BtBlAfAb@j@NvAd@VNZZ|@tBR^X\~ApARJZ\LZADGAOSi@e@w@g@YOIAGB_AtBGVoAbDy@hAm@dBG|@Ml@C~@CNCDCj@Ql@IJy@r@c@l@s@b@c@`@SF[\]d@GRc@`@GNCLe@t@m@n@EFEd@@LJf@D|@Hx@BfAJ|@JTlA|ADJFh@ChAEf@GZEFMJa@JQLCZF~@BPHPHHPHd@\dAjAFDPTDP@VIlAAABC@KJM@DBEAEG@CDW|Ac@nBe@xAEl@@PFNR^LLx@d@dEfBzBt@n@JbA?~AOJ?PEvAMTHBDCVO`@i@x@s@zAkAjB{BnBe@Z{@x@QZ]~@[\a@bAa@|@s@pAUZa@bAU\a@z@g@v@ITwBbEcCvDeArAc@n@Ub@gAtAkAdBg@j@CF}@nAsArBy@vA]p@Yz@[n@[`AGf@Q\q@x@{@tAw@bAQXBBYTw@~@Uf@a@d@o@`AONsAlBQRKT]`@[b@_@b@Wf@o@p@]l@a@^OZa@j@g@~@cAnAc@x@Wh@MVu@t@mAz@a@\kAt@y@b@y@n@WX{@p@y@v@kArAa@VqBhC_AxAYj@}@lAIRQj@sAtBKHWHm@l@[TWLe@f@[RUZAD@FrAz@`Az@TH~@t@F?PUD?FBTNPRZLhBrAr@\\\GAMMSKCCAEf@u@@I_Ay@o@a@QSKEEBg@p@CLDDt@b@RVr@`@FBJ?JIVk@AKw@g@QUu@k@MCGFg@|@BF^TZRNPHDLRb@^Y\SNg@a@aAk@o@g@k@UEMLY@EAIs@e@s@q@]Yg@]IBa@l@[ZW^O\e@n@I@CAOO[SUUIEK?aAdAOVeAnAmBjBU\iAhAiAnAuCpDa@j@GPoAfBk@p@SRWn@ARIT{@z@OVgAtAa@`@Qd@cCfEmAlBg@n@}@bBg@r@Wb@CN[r@i@~AGLk@fB[vA_AbCMTOv@O^m@lBg@nBWh@YbAINWp@uArBmAlAkAzAk@fA_@b@S^OPEBKLOLY^IFyAhBGJER?HFD@DTVd@HLHT\`BzAb@l@JBLHf@b@LPFRGTi@v@gAbASd@Y`@SR[d@s@r@i@bAs@~@W^CH@NLVl@f@LDNJNRPJ`@f@JFLDJATDFHZTAECD@DY@DB
1610017931,agniB{~d}MGBIADIPEIMcAOUOi@g@CIa@Yk@o@OGIOAUHSRS`@o@`@_@BKJOb@_@Va@JID?He@p@q@@MR[d@a@HQf@a@Xa@?WGMGCy@eAaAy@QS[Q[_@a@IIEGGUg@c@c@EMPU^Wl@e@Xg@JGPYb@c@DMJIVKLDDDRh@V`@JTf@t@p@tAZ\^XXJhAp@rAp@l@\jCpAl@b@\R`Bv@nBp@|@d@h@NdA^h@NZPtDfAbA\`@Tl@L`DxAhB~@dAd@lBbAXJ~@f@`CbA~DtBj@\NDzDzBhB|@^VhKvFlAv@lAj@rBrAnAj@^NLBf@TlAp@LLb@Xx@d@l@TD?NF@JDBb@R\VLFD?zAbA~Ax@`@XF@`@TF@DBH?`@N`@BFDBF\@b@RPLXLf@b@LNHDv@p@XPp@V\HDB@JDFVRLETk@rAeCVm@j@gAl@o@Vg@FKDYTWL]Hg@r@uAJ[\m@Na@Va@`@aAv@{Ab@q@r@yAAGDINS\w@hDwGRg@RUbAyBDABJKTUXWRWd@YfAi@jAOToAfCy@fBCLJNb@Tj@TlBnAbB~@HHBFARGTuAbDe@pA_AfBs@fBy@~A}@vAENILKZa@r@Ur@Yr@e@p@GNOx@GLE?KLUb@?FBJDDLDt@f@fBz@tBnAhDbB~FfDbEtBxD~BbEvBVRlAl@XTxBhAr@ZhDnBfCpAVHhAJlCRH?bADv@L|ALLAPITYFQ?QBDADQ\IFIJUFK?MPMFyD_@oEY{@QaEwBgAs@wAq@{Ay@iBeAy@]y@k@eEuBiAs@o@Uk@[uDeCyF{CsA_As@]y@[wAy@_@WkB_AQEG@GFIVk@hAg@n@o@|AaAnBgCtEi@lAW^Sn@S^?DDDnCzAH@r@n@\NZVQBGQ[[iBaAk@g@y@YIAIB[p@]d@Wn@k@hAi@rA[j@GRq@jA[r@i@dAENBFF@TChABbBRZ?l@BPD^AfAD`@FDAp@BDBAFa@A}@Ke@?wAQe@CYGc@BwAEkAIc@@u@MqBEs@EoBSeCc@e@OKMAKC}DImB[wACe@?[E]?w@CwAIkABk@GUE}@?a@N}B`@eBfAmFXiAf@iCLYn@aEH[?w@MaCAGMS][w@c@i@UUQo@WaBaAu@i@uAo@]YaAa@WQsBcAcAm@QO]M]S]IuA{@sAo@a@[WIg@[sAm@g@_@a@SuA}@mDeBiAs@m@ScB}@gAe@SMcCkASMMAq@i@m@WWOe@So@So@[aA_@[O{B}@iGqBaCaAkA]mBs@{BgA_@Ws@[uAy@m@We@[{CaBk@a@_AaBK_@UYUe@K]SWO[ECG?OLc@n@kAjAo@t@KNH`@NHPPNDJFL\VZd@\VX^h@j@^^b@V^BVEJ_BjBYf@g@r@{@z@S`@WVWh@Y\q@`AALDXz@~@~@x@BF^Zl@HPJ[LV\UBIF^`@@u@BB`ALCDEB]?GHMDGCIGGFAFQCAEE?ELSHEACC?[~@jAO]e@]?EDAB@H`@FHAE@CDABD_@W@EBA@P?EHI?JGN@R@MGMK?CEBD?G
1607825309,olniBqhe}MV]HCDG@MZK@KXk@LK@IJSX[`@]T_@VW\q@JGJKV{@Ui@KIG@OKU[e@c@S[SQk@e@s@SKOM_@OWQQ@OJQ\Kf@}@DAJOTKJc@NIFGFUFGd@Mh@FBXrAnCt@rAXVVLXRp@^fA`@@DAFCDK?c@U}BsA_@a@{BoEOc@MWKa@?MB]N_@f@s@PKJWVa@d@i@R[HGJSJIr@kARu@hBwEx@_CNk@?Mr@iB@M~@sCf@wBRc@DSx@}ANK?MJEJQb@iAJMD@BC`@y@LQDO^{@BQXw@lAcCNc@NWBG|@kALUFHEBDVANBJGTgAlBK\UTGNc@t@ELm@bAOn@@HHTd@j@^j@ZV^b@HFhArAr@d@Zb@NNXR|@r@dBnBdAdAr@dA`AhADJ?DCDWLw@XOJEHBTFTZf@ZVHT@LMVc@d@S`@GR]fCWpASvBQhAAHDNCd@WvBGNc@r@[n@_@hBCZYt@CRQl@Kj@U`AKj@_@zAShAGBWFo@Y}@YsAk@yBu@qAm@OOs@_@}Aw@EEuAs@WSUBIBWEuCqAg@YWYk@cAc@gAAKUa@Wo@OUMIGCIDi@t@}@x@u@`AQX@RHJbAn@Pb@ZZRXLJv@v@l@b@RVZRFTGV]j@wAxAOb@U`@SLiAvAOJQX?H_@l@w@|@M^BThAt@z@~@BFPFRPj@FDBFFH?DH@J?FEHXBc@~@BHE@EMBe@CF@PGAK@KHECIUCCKAEN?PECP@DA
1603541273,{nniBkwe}MQKF?NS@If@a@`@e@DA^o@?OCSY]KIWEMFQLe@j@AERIv@s@V[`A{@TOP]\WJOJIHODSB[@c@D[d@s@^]t@eAxAcBf@s@n@eAb@cADUJUd@mAVaAx@}BZsABUhAcDt@mB^sAVm@F]LQTc@Vo@Zg@Vi@\c@\o@@OVq@`@s@Z}@z@_BAMYc@?EGCfEj@@Dg@@gBWMQBIDDMG@DN@bCqDDSDEFYEQKGQEMBoBr@YNsA^a@TGHIBeAv@m@XWF[Dq@?K@iAEg@GY?eAQaDKc@MaBOmCa@}CUiAOw@Uu@Iq@Cc@?ECUCw@BEBGp@Ol@CZMf@Mb@E^In@K^?JOd@]bBMf@AVKr@c@vAEXB~BAdAB|ACbA@^Fn@I^Ad@FrBCz@Bj@AjABH@`@AhA@FEb@?ZFb@F~@Nz@FJXNDHNHXVd@b@FH`@Zd@PPPVLDA\Jf@`@XNLDf@Hz@ZXF`@T|@^N@FC`AkADEDBAHIRKJ]p@qBbCKTAJ@JNNn@\RPR`@JLx@r@`@d@NJTXt@t@LV@VKNyA|A}@rA[j@}@pAo@r@]Xk@t@OXAFBTDFRJn@n@j@`@Z\f@Vh@HDFLAQ?DAIF?DP`@CDN?
1599629510,_gniBy~d}MCG?COIQO_@KQKWUEAGIOKQUGAi@k@?EEIKEISCO@OL[POPIXYb@}@d@q@PONSN]^YTi@RSDM`@c@JGZ[Zg@@M[]?IGK_A_ASWo@c@YW[MS?KCOUDIEWWWKA@QAE@]|@q@HK\e@P]XW@KNSDAJKLEF?^^Xf@z@pBl@hAb@b@d@Xz@b@VFx@d@n@Vd@^x@d@nAf@j@ZXRt@b@lAf@d@PXLz@RfA`@NBRJb@JDDrAb@pCfAl@P`Bj@~BnALBnG|Ch@R|BjAlAr@zB`Af@ZzDhBz@d@bAp@zF~CxBnAp@ThBdALHfGdDhH~Dx@^j@`@JBXPb@Rd@`@`B~@l@TRRn@Tf@JTNJBd@CjAJh@LDFF@LRZRFLJDXVBJNPl@^XTRBFB`@^VDBADYJOBGTe@V[Rc@@KJ]F_@FMLEVYt@cA@E`@g@AKXi@La@\m@Na@Zc@`AsBl@cAHWDAFU^q@@ECOBG`@m@f@eAEKUM@ECUgAa@eAe@a@Yu@WiAu@q@[u@SBCDBjAp@d@NxBhAzCtAz@ZFFNDLNXLz@f@XRVLbBjAn@VLGBGDSPc@h@kAHWPYX}@FADB?LeA`Cs@rBWj@O`@eAdC}@fCeA|BCPo@tAOTMVIHq@nACLMJSh@qB|DWn@[nACPBDTNlCvAn@XZJt@`@XJr@h@|@b@p@b@~@f@`EdCjAj@~EpCt@f@tBdApBlA\LtBfA@NIHO?k@Um@a@cAk@WUk@Us@_@[Ou@i@]KoCwAuC}Aq@a@MGy@g@{Aw@y@i@KCq@c@}Ay@gAu@mAi@cAm@m@UiBeAOEEDe@dAETSh@SX_@|@_@f@u@|A{@~Ai@t@a@x@c@v@oAvCe@t@[r@Qf@w@tA]bAGb@ENaAdB[r@g@p@IVILIBs@AsCO]Gi@A_BUS@c@KcBUQFCFWbBUdAa@tASj@EDGC?E\w@r@iCLuAJi@JgA?e@Cm@OeAEMEA?IDaACKMUKi@Us@CWB{@JoA?mABg@EEEAkAByAISDINSp@]v@w@zAs@hAa@TK@UC}B}@s@S[O@EH@l@V|Bz@RDP?FCJYd@s@Ti@h@{@|@mBZ]^GlBPf@?JAFKKo@?m@FaA?i@NqAZsADg@LWF[ZeBZoAfByILe@He@BWC_AScBCGo@c@[McDeBGKKKa@OgAq@i@Ue@]UKiAq@kB}@cAw@UMk@Qk@We@_@SGa@Q[K}@m@iAm@_As@qAi@w@k@gCwAg@ScB{@g@]OEk@]o@Ws@a@{@[kB}@a@O[OUGk@_@yAq@e@[g@M]OWSKC_EaB}@UeAc@_AYg@SqAc@i@Ww@S_FqBqAy@y@_@g@]kAq@mAm@oBgA}@m@KMW_@{@iBi@}@a@{@QQKHENe@l@_A`AKRg@d@CNDZHDDJn@V\j@XP`@\n@t@`Ax@RZDT?ZADKBEFYh@s@bAQZGVq@fAGFYJQPs@bAcAfAKVQTQZ@DFFR?f@r@RPRHJNXN^d@h@FFDVBWPBF
1595100813,sfniB{{d}Ms@AoAXj@_A\c@?SFELB?MD@FVDDD?AEJEB@?F[@UDG?ECM[MOcAs@a@s@WUc@m@YUG@MEWBCKTGTJL?Ra@BMX[XOXCXHJV?LCJ]l@FJBCSFAE?KRSDWIm@K_@?IFM`@_@n@_AHKFWtAkBRi@HOl@m@DQAOEGoAoASGEOQQW_@e@]m@QMU[YCOBCADE?MWLa@PSNGDQXS@ENSCKSKCKMQUMSABENJTFHFPENMZ_@@GLEFMRSjA{A`A}AzAmBHSX[b@s@Vi@DSN[Pi@Vo@XiAXq@b@oANq@`@mATw@`@_AdBeFVy@n@qAJg@j@sABQ`AwAj@sA@SBIJIp@kAZ}@@CE[`@[p@q@Ra@TEBFEAL]Hw@BGPODK?IEGIIUVOD]Vk@HWNU@APVMMPAXERQHBGUARICCDCLEFMQKCE@GPGQHE@CBSFe@PaCtAs@Vy@FqCGq@@a@JMCeAIiA]s@Ci@KmBQ}@My@Aq@Uu@MUCa@@yAU}AQKEo@GWASBc@AILKn@Bb@Nh@CL@VGXOVI\Sd@]vAYv@Id@Sd@APK^WnAE`@?n@Bb@CzA@\CHAl@Dj@AP@NEb@Bl@Ad@@jI?RFT?~AHJ@TC^DR@r@Fp@D\L^bCjCNDZVRFXFBKEFDJD@CFBB^Jt@b@z@Z\FXVVFDHMKw@UMM]Ge@[{@_@WOMAAE@EDAFD@LBDJ?vBfAh@NJH^Pd@LLFPRRDHEHBDJ?RS\o@r@QLKR@FRTTP^LZd@dAv@j@f@f@p@^VVZ@VETg@t@Yp@e@h@Wb@[ZYd@w@fAS`@k@n@]b@g@d@GN@LX\^X\`@d@b@l@\bALMH@PBLCJDCFBXPBj@H@Xa@
1593977699,kfniBi_e}MHBODCK@MEIGCo@?[Kc@a@QW]Ue@a@UWIOAOHQCABEVUl@s@l@k@FU@OKSg@g@g@oASKi@Um@q@[SS[@In@{@NMDIv@u@`@k@L[b@e@DS@c@Se@?EO[TORSV_@TSn@}@\[R[JEJ?NDJJlAhCv@vAd@Z`Ah@`@NFFJDb@ZL@r@h@\LTN`A\|@j@l@Vf@\`D~Az@Tf@P`@Db@Lh@X@DTL^Jh@V~Bl@r@VrAj@t@TVJfDlBp@VbB|@f@PTNLBl@ZRFj@VtAx@lCfAxAx@x@\n@`@\Lf@^lB|@|BpAlBnAbDdB|@l@hAh@pBhAr@ZjAr@tAl@vCnBfAf@RLZHJHRFDATeANqAf@aBVo@dAsBf@eANO`@u@Xa@rAcCHc@LQDKDYRu@D[Ne@Ly@Fk@PeABo@L]?k@Fg@Cu@EC@KTi@d@oDH{AASBI@cBFo@BkA@G?oBHm@Hc@TmCZ_CRg@`@q@F[DG|@mA|@yArAmBjCeDRe@X]DQGq@MOYKcB_@eD{@_@EcEw@_BS{A]qAQ}@WiEw@sA[{ASs@Uq@Kg@OU@e@Aq@IiB_@wAQqB_@cAMoB_@iCa@_FcAkC{@}DgBw@[e@UIAqAk@iAu@eBy@}@g@q@e@eJoFs@g@[O]Go@BYFKF[h@CF@FQX[ZAHE@ILGT_@r@SZENGBKTCVKRcBpCGP@JRd@jAzAfApATRJFVXl@b@vC|C`BzAf@p@`A~Ad@j@HN@HAJORcAl@GH?HTr@R`@PJ?HDHQr@g@z@ETGx@Kl@EdAIVG`@ClAEZEz@OpA[zA{@|A_@dASx@Iv@Mb@CT[dASfAMd@c@`CSr@GFM@QCWOiEuAwCoA]Qq@c@eD}AYUQGICSDUIMAOB[Kw@e@EGm@[y@u@kAsBMQc@_AEUQ[YUSEQHSZQHe@^O@OEGI[Qw@[aAe@wAi@]G@GDAr@XNRCBMEJ@KIJALBdAj@b@Jl@Vd@XVHLCn@i@`@WFADD@LKZiAxAc@b@Wf@IFAZh@V^ZLX~@bA~@l@j@n@\ZNVAVEJe@p@GN]`@i@bAKLWP}@nASb@OPO^QLu@~@SNSRCF@JNTPPNHfAfALP\X`@FX@HH?GCFFAE@NN?EAJQB@B
1591479690,oamiBete}M\gBFa@KMF@BHAFEBAEDKD@?EB?@DCIDB?DCCGF?EBCD@?DE?CBJKEACHBA
1591062877,ieviBgko}MVHXBd@LfAPt@RFFbAHLJLPFRVhAN^?NFR?NHNPf@@LNj@@NRd@@T\fAZ|AJVDXBDDV?DFTFXTf@Bj@Lb@@RPt@X~@Rb@@RQx@@LDBL@l@KnAe@j@ERKRCFCJ?D@FCDGHBLOF?FM|@KjA]v@ETG\EXKVC`AU\QFDVANMJEbAGjAKJEpAUDC\?TEJ@RKH?ZIf@GRBhA\VBx@XvD`AhA\d@R\FxBhAv@\H@ZNLLH@HLCRUr@[j@INCZIHCF?RWn@?LKN@HSp@CZe@z@Kh@M^c@~@g@pAU`@UfAKZKf@m@jAIZ~@^d@X`A`@f@\\JF?JFv@VFF^Hh@X|@TdAJz@Vx@P`@BJDTbAI@O?UEeA[_AS_@KEAAFfAd@`@HvBr@JJAJFd@CFg@l@KV?FPd@DRMj@Er@I\AtBHHAJBRd@zAVrAFJDBL?TGjCsA^MXUhAg@^[xBeAXQx@]p@StAq@LA`@SXItAs@^KXAf@YZKR?j@Br@HbAR|@HtARb@@f@Hn@Dj@JT?t@CbBD|ALF?FGHDh@HNFd@@VD|@BTJh@Fp@DPDJFdBLjB^X?HBb@?n@J\BPFTADDPDf@Bz@PT?rBX`@Hv@DZFDB?BrBd@rAVb@@@LFDf@JhBf@`Ch@h@Pr@^VFv@\\Th@d@d@r@n@l@v@p@jAx@`@`@tAbARXJ`@hAfCn@fAPTTLf@NVAPBPD`BLZNt@LzBr@l@\~AxAd@Zl@PXDHHXHBDRDTNJ@jA~@`AJr@A^DXDb@NhAPb@BfDKv@@JB\ARCJDZBbBC|@@`@DJCZBf@CJA^AHCJB`@CNBTATBbAGbAAN@HEzASvAtAJH\L\^HRHD@HXVb@v@hB`BfA|AjApAv@d@TH|@Fr@C^BTCRB`@Cx@Av@IZ?t@G\?JBdBMt@?f@Mr@GvA[HBZK\STEJUNMLADG\BJBR?FABCt@It@Kd@OJAHGx@]TLJ?\HdBZXHXPHGR@XRJNGN`@d@JTBd@CTQTWPc@`@IBo@r@[TSTGBSTo@j@QZQLSZSRGRKRUZGLGj@JDMV@Jc@^WLQNWHGPOTIBS\[VcAbBc@`@k@t@a@`@OJSHi@p@MRAJMRQR]Vw@|@YTs@^e@ZSFEF[VIJQFc@^a@b@s@n@k@v@{CnCq@v@Q\g@n@S^u@v@g@r@y@pAyBxCi@z@e@h@uAzBGNMDWh@Up@c@t@IHMZ]`@aAfBAFUZQ^G\QVGTKLSb@MLYn@_@z@ELBFKXGFGX]f@Wp@AJWp@Gd@S`@]z@c@bBMTEZc@|A_@`A[j@e@|AG\[x@CTDH?RKh@_ApAURODYb@[VKRw@v@GFK@ONERMPSJg@|@QT]VSTO\o@n@CLGL{@`AAD`@`@j@NBD@^HPz@\^T^b@RZz@x@HNDN?PENk@~@a@h@}@dAo@|@g@j@eA~AQ\gAxAADh@Rl@b@^d@JDf@h@NJZBLHBBCJ@DBBEARCCBMAACBBG?BDBCE?HIDAACEADBKBTVBMEO@EQDFJGCE?BPNN@DJ@LGRADCDMCBg@z@@Eg@z@
1534545008,miniBq`f}MQS?EJWvAiCDOAYJU`AgBj@s@`@a@t@cA|@yA`@y@|@qCl@oAn@sBXw@Ve@t@aDf@uA\y@^gAVeAL[j@_A~@uB`@u@r@yAx@qAx@eBp@kAHGl@gA^k@f@cAHEV_@l@_AtAiBdBgCnDwErBcCrAyA|@{@dBoB`Aw@NStAyA|@y@HOfCsBh@o@r@o@dAoArAyBnAaBbAaBjAuAv@mA\q@RMRU`@]?OGGOIi@c@_@Qo@o@_@e@SQCI@ECW
1525576727,soniB}|e}MF@MFW\oAbAe@j@]XSTID}@~@W`@cAbA[Xa@He@d@G?BMpDyDp@m@v@y@`@_@Z_@LItAyAh@c@p@{@`@[pBuBHEZ_@HQ\MP@JDX\N\PTX|@JVTVLVPFJRHD\^XJx@b@z@p@d@XJ?rAt@NL`@HrA~@x@^xAz@dCt@z@Xn@\f@JI?{Ao@_A[cAYa@Yo@Ue@Wc@OoBiAa@Mw@e@c@QeDiB_@WSKu@iAIGDATb@Z`@d@NXTh@VPPFLPPr@Rh@X\Jb@^d@Xn@T|@n@p@^j@RJHn@RhBv@`@Jd@PlAXABKAc@WwBy@gA[cBs@c@W{Aq@yA}@[Iw@a@e@Q{BoACE@IOGUQDBhBlANLx@`@l@Tt@f@lAl@PNl@XZV\P\HxAf@h@F^JhBx@BDr@V@DCDiAs@c@OEEuAYMG_@MGG_CaAsAw@g@QkAo@]M_@Ww@[WO?EZDJ^?NEBM?m@Ug@_@e@O[S_@Oa@a@KSQq@OMK_@a@{@AKKQIEa@s@UE@DAHk@x@IDSZOHUTe@j@KFGXFNLBJNd@\^f@z@n@r@t@^XPH`@^JNBH@LEPcArBgApAg@x@OLIXa@`@a@l@g@d@]r@_@\CNDRr@`@RZPPHDFLLPh@Xd@BVDEBEADXGROPCQM]?MKEKOOGUYYUUYKCGGMAOOIOG]@MGKJ[JSDMVYHEDSDIl@a@JQ?EAMGKWUCSMYOKg@CSO
1513778278,wdniBgse}MCn@RX?QF[PWH]JWDa@AGIIc@_@iO_@WNy@dAGBKT_BrAw@x@]b@Q^u@h@c@`@QVO`@iAxAMRKX[ZYh@MLW^]XYd@WZ{@rBOh@m@~AyAxBe@h@U^s@r@wCrB{@v@UJ_@Tc@^_@VONoAz@s@p@q@z@g@^cAhASXe@b@s@z@YRy@x@MFo@p@m@b@IBiBvAMDIJYNKLoAr@w@j@s@`@UPs@^SPm@Ze@b@G@GJ]Tg@d@eAd@GJMDg@h@iA~ASRa@`@MPYRI@y@x@QHGFODMHoBn@[NQDuAn@QBo@`@{@\[R_Bp@w@h@WVqAbAg@j@kAv@c@`@o@^w@r@[RMNg@b@[RI@gAdAa@Vy@p@QJAJ_@HUTSDIF_@J[PGHQF{@Ni@Li@FSHGAGB]?GF]Li@NIHu@Ra@TWPGJMHSXkBzC_@b@OXMJETg@h@ITe@p@OJ[f@AFMLKVORKVQJKN]JMJe@VMJi@TW\MHMNQDOLc@FORSP]LOLc@V[VORQDML_@NEHGB_AXQNCFO@KDm@f@MFw@d@iAh@KHOXSVOJK@EDg@x@C@GRGL?FG?CEBc@FWb@}@X]f@[z@]|@i@l@YnAy@n@Wb@UXI`@Y~@g@XYFKnAw@`Ac@R@`Ac@BEAOBE\OPODKb@UVUZSr@w@^w@d@o@Te@LKZk@XYr@oARU`@{@b@q@Xo@l@i@ZOx@YNDNGTGZCPI`AIv@QRADCPATGNGHId@MdBkAr@]@SYkAIsAEGAIFSEIMeA?SEQEaBJi@^_A\k@DMbAsABCVEDGr@mAf@m@Xi@b@wABg@F_@AYNk@D_@Tm@R_ABCNm@Ls@?OIYA[Ho@@]Hq@FY@QE[D_@@w@?}AF[HAHDFJDPCJAfAIt@Dl@SfAGnAMx@E`@AVK|@Qn@MVUv@O^AZGVATD?GfAc@pA]z@s@lA?HITc@f@_At@q@`AMLCHa@v@CP?HK\Bb@AF@P?L@HMv@BRLb@LnANt@?NFNNVD@d@YdAw@LOTK`@[VMDGb@[VIh@e@LOD@HCXYd@YFKHAFC@GNOFOZ[T]BKh@YTU\UPOnD{A|AeAnBq@tC}@ZOXSPGFOf@]dAwALEZ]bAqAHEFIt@q@NCDIVK`@[?SMM{BaBQSy@q@WYiByAOYUWEAMMQe@CM]i@QQKU]e@M@Kc@M]GGCIMMUa@?GGIMAoAm@{@UuAi@UGGK_@SmAYG?ED?FEBBGF?lAHv@Vh@^zAR~Bd@NHd@h@Zn@FXBBDABYAW@q@Ny@Pc@Aa@FU?]BYH_@A}@BWBGFEPAVFf@@`@Hf@?hAZNA@YHWJaALk@d@eAHa@J]JS`@uA?OF]B]ASOa@@g@PaABm@Je@@]Ry@Be@?ELOFABBCh@CRGLAHGv@Kt@?LKhAMj@Jp@SfBY|@G^AZy@fCEZKXOVMj@E^MRO`@KPMr@[fAEDWpAKHCf@UzAEv@a@nBZf@jAlAb@\r@p@TJpAdAd@PHNb@XLDF?DD?LYR]Ni@d@s@`AIDCDQHEDKLKZuAbBc@z@]Zk@^e@PuAZoAf@QDM?g@PQJYHSJMBKDm@ZGNUPQTMJQBa@PIJe@N[NSFMJa@d@q@j@UZiBjAaCtBgAt@IJkA|@]R_@VSZGBMPWJOP]RKLK@k@RSDWN]Jy@Nu@Da@XUFcAJe@TK?aARa@Vk@p@w@nA]^M\e@j@q@hAk@|@g@l@Qf@c@x@gApAw@d@]LEBGP]\k@Re@^]Lk@Xe@^iAp@[XoAx@s@Xc@^WJS@m@f@_@POROJm@Rm@\m@n@g@v@[v@O~@@j@Hh@Tj@b@n@b@r@DNHd@@TE|ADb@GPDH@\Qj@KHc@VcATYBeAAYBa@Qe@EMBG?mAK_B?ICCG@Gx@EnA?z@DTFdAH@EF?`@B\A@q@D?FRLDt@K`@WZgAAkCUq@OKW_@QUe@u@WaA?KNcATcAXo@t@iATU~@e@TIHAXU`Bw@`Aq@n@m@VIJAt@g@x@_@ROLCXMFIfAi@^YJEjAw@VMNApA_AJGd@e@f@u@JEbAmBVODKVw@NQLU\e@N[FE^e@Pa@\m@p@}@b@_@^ShA]v@MfBe@fASZMPCh@O|A{@VS^a@TEXUTGX_@ROXc@hBkAFO\Yv@w@\Wf@k@`@Ur@m@`@q@j@[jAc@ZOXIvCkBbCs@vAs@|Ai@H?hAi@\]HWX]Nc@^]FCTQT]Xe@Z[j@c@XOJMd@OLMAQIKm@c@kAaAGKUOKCKMKEq@s@CGe@]CIGCCIOMCG[WAGSSKSEAOWWu@IE]c@IESe@_@i@AKU]@ICI_@e@]KEGe@SSGI@y@c@G?SIG?w@[SEMGEGOAO@BLBCCE]KKBCAG@IHGCDMLAd@JPCPBdBj@`@DpA\`ANj@RHJRh@Nf@`@`AQJE??e@FWDq@Jm@DI@]LYBM?SCSDYAODS?ULi@Gw@@QFELEdADx@Lr@Ar@TNCD]D@?HG\Oh@IJG\g@`BUj@G`@Ql@Ef@GRU|A]tAMv@?LHBPXd@b@bAt@bA`Af@`@PJXXx@`@p@h@PDF?HEj@i@zA_Ap@i@tAs@rBoAdAu@~@c@bAm@vAkA`@i@?GJEJOd@_@Xc@hAaAl@o@|@sAb@W^_@d@]RUpAu@HKbAw@ZULAt@o@TIv@u@d@W\_@ZYp@}@Rc@n@_AXYXc@Xw@D[JOLWDi@DMPc@p@uBVc@Vs@\[hAwA`AaAvAgBh@_@h@g@vA}APKX]VOp@y@Z[JQb@i@`@YDG`Au@h@g@NO@M\a@VUZS^e@f@_@NSBG?O?EIIuAe@WSYGOKWEa@YGIUAWOe@M]SE?e@MKG[[YSCHNPRLL@b@VZJVNTHt@JpAr@v@XxAp@XDPEJ@BCDBFJEJ[Ta@f@QNEH]b@mA|@OTUNIBs@~@E@GLSNU\WTGH?D~@}@t@_Ad@a@JOXQT_@b@YH@FDZ`@NH\H`@t@`BpA`@d@j@d@Xd@@NELWZq@bAoAvAOVq@|@Qf@[XIT?FLZB\IXSVGFCFRPGANAAHADWNGRABE@RNdAhAPFb@JRNNBQ?KD
1502277615,{cniBere}MNaAVq@AGs@k@a@k@OIYY_@Ow@w@GEUCOKa@e@KIKUKEOAQDg@~@YTOTMBuA|Ay@v@i@p@[XkAhAgAzAQPMBSNELGSIO@SDILIX[NMjAsAr@m@|@{@b@m@PIT]l@m@\c@t@m@\c@\WTYPKFORWt@o@JUf@[b@iALMd@o@FYRWZWVe@`AeAd@s@b@c@R[VWl@{@De@d@mAJe@f@_BDEFe@\e@HSVsATo@Pw@LQ@OLo@Rk@Xm@Rq@HMRi@^kAHKFOn@cAH_@Vg@HIDABERi@`@q@Pe@N[X]Tu@Ti@Nk@`@g@DUPc@Xe@`@_@NYX[|@oBp@u@FOVS\c@FQVU`@o@\_@d@w@Ti@RIDE^i@h@k@\g@LKXk@vAoBBSZe@XGt@i@\a@Zc@RQd@y@Z_@\UXKPSj@[bBuAp@_@TWTWb@]`@Uh@g@`@e@r@cANMZa@BGVYXc@NMX_@VUHYLMJAl@kAJMHE@I\m@LK\i@N]PUAKNQZk@JI`@QLQ`@]DKCGQEWQSAMI_@_@]Uc@i@a@YAEEASFZID?CIBAL@TLnAfACHE?]Uk@g@i@[D@BEE@DCRFb@f@h@b@F@f@u@DCD?Yh@IVEBK@MIa@]u@_@KKE?BDCC@YBCOOGAECo@J_@LQBeBLYE]BYJ]D_@H_@Ro@NO@EAwACc@@S?I@e@AK?]JUPKBQ?EEKA_ALo@EcA@YAa@Be@?QGW@KCm@QMKOAMFOP@ETGj@HFHRFzAFBIFA^L|BMb@BRCt@AtDYvAOV@BECIKGa@Hc@R]D{@A_@Le@BcBRSJI@iAMY?{@@GC_@Cu@@MCK?m@Wk@E]VU?EXk@z@_BlAKPu@~@o@ZMTg@VW`@SRGDK@[Zk@fA?GTa@^_@FMHEJATO^a@\UV]j@]RWXSr@y@PMNCFCX_@NI^u@z@i@j@Nr@HvABrAE`AIz@Ix@?rAKbACn@IV?~ASdBO`@KN?f@GTGRMREh@CnAOX@PRCCCDE??E@EAEBCFC@DGRKIQCOF_ALSFmAJG?EEMC_@@QHSPUHwABKHa@Ei@Pq@H}@Au@HmA@_@DCDa@NUBu@Km@Bm@Aa@GCC]Ge@?iA[QAE@q@r@Yf@QRa@VI@UPg@p@sAfAq@l@e@\i@~@UNWJ_@`@Sd@@DBDtAZJFzAb@JF|@NVJzAx@LEJ@pB~Ab@b@NXPRHRPJFHNFFNF?CP@JHd@HR~@~@l@Zh@d@f@p@JBBHEAOWa@_@WGo@c@SE]YKCM?EACGIJQH[^OJUTQv@ECDK?DS^?NFHVPHADBEDECEQUOU[c@Oo@_@ACBQRUAQ`@a@X_@TQ`@e@BE?UFM^ODEGMWUCIUYOKS]QGG??EIAUSyAu@q@g@OIGCGBBGFALDz@\rAt@`At@t@t@P\TV@PPHCPDZ?PDJfAt@LLNJXb@f@TLHLP^RFBF?JKJWDA\]DCF@ROb@WNEfAo@RE`@a@FOF@LM|AiBn@i@X[TELULIBMTUL]RW\o@HIx@mAHWj@o@CGBGv@q@^g@TUH[JYXYFUTKDG?IBENGZe@TIV_@h@i@XMF?FIHDXWVOTMFBBLMLKRSJaAfAa@\WJu@v@OZWn@g@t@[p@KN[`ACVKXOBSJKLWLOVe@f@Sp@GJ_@\_AjA[Pi@t@SJYF[VQVGVWRY\]RMZ_@p@ULURWH_@X[Lc@b@e@VSb@SVS^s@n@Of@ONMRmAlAUj@a@XWJON[RQTQNS^U\i@Z[f@g@b@CFDLAFYNIJU^UXEJANQFGPCBEASh@AZ@DKASX_@X[b@[VSZAHE@Yf@{@lAEHAVY`@K^]l@}AlBUn@KRCH@JFPR\XV`AhAPP`@j@n@b@^`@j@\LN@HN\|@v@HP`@Vd@d@NHVZLJf@v@DVFLtA`BNTDLAFGDa@LOLCDCCBIBBEF]NAFBDTNCXJl@LXTL?J]z@WPEFINERQ~AEhAUhAA\GFIf@Ap@@\Kp@WvBKVST[l@Kf@_@`AAPGLIh@GNAPEVUv@Ir@M\MLBAMCCGBYR{@Ho@n@yCFKJk@bAmBJe@Fk@Je@CI@Q?SLmAD]NYFa@CQBGEK@OPu@@[F[@]Ry@?SFSXSh@m@DAAFED[v@GTSlAMnASn@AL?RIb@?`@CPGPAVG`@@j@MrACh@M\EFGBY`@O`@?Vy@|BGVCZKVWpBKb@MTY|A_@vAI`@CDc@Eu@[c@Gy@WM?EIc@M[IUAe@OOQSOa@Sc@Mi@WMSWKEIoAg@e@[YKOM_@MBMEJKIG@UH?EDAGDSISCk@Sy@a@OMAKEEQ?USMIOOQe@_@s@C[Y_@Qe@E]_@i@KKE@q@bA[ZY^IFMPg@d@?FIF?RXZVLP?FBPZ\\JP^X\`@j@h@p@d@HNLZAZCFWXi@nAa@`@W^MHQVEZ]ZWLYd@Q`@ANFR@RM^Y`@CLDBAHEFLAHIEDQEKGo@C_@IG@CJJXf@h@l@^\\PHHPFDh@TT?NFL@OBCD
1494445094,g`niBu~e}M@EF@^NdJdEIBLPD?DJTNt@\TPp@\THtAp@LHjA^~@^hAXnAf@TDx@Xn@HLJb@RVDVLJBNHt@RnAh@H@HB`@XbAf@h@^bA^fAn@jBt@RRjAn@\NHFDJXNz@b@b@PDFp@TjAf@dAp@jAb@z@h@d@R`@X@DNJzCtAb@Xf@XNDr@d@TJZRBDv@\HHTJ|Az@d@\lAr@hB|@NJ^\jAj@LBXRdAf@fBbA`@NTIHY?]DYEG?UZgAh@Ac@SBIDEBM`@{@NUHG?KLWjAsBHWR_@pBeDn@mBZaBPe@Pu@D_@PoAFiAJq@Gk@BWBENKt@O~BgALAPHDKDCb@EXOh@_Av@iAv@aA`@[j@aAf@sAP[\oBZw@F]j@uFL@E?QGCA?GDAL?XHAEWAE@CDBc@`@qCRaA?SEi@BOCu@FsAOe@YYSaAQk@Ki@CCGBADGAECGKU{@GG_@Sk@Oq@KcA[mAg@m@MgBUoBc@oAQgDo@e@Go@OeCc@u@QiASe@OeAQSGKI[?{AQ}A[}AUmAW_CWgBa@iEk@q@M]CeA[gAUc@OgBa@mFoBuAo@_@KiAe@o@g@_Ae@AKq@[{AiAeAo@}EkC_C}A{@YSAYBYLUTKR[|@g@v@iAbCMR[\_BpCCNBNXl@XZd@p@VR?FI?EEUSEKKBCAeA_AGUEEKAAEG@CBGV@DD@EHKZS^UXGRU`@ENIHU^Ib@Uh@YlAIPATERMNK?GNSNIBGEKO?Ej@eBVg@Ls@Pm@LQ~@gBBYJQTWPc@b@y@b@oAN[DATc@j@eBr@{An@w@Zq@DATHEECM`@j@N@XG_@DCDDPAPYf@a@|@Sp@i@p@e@t@UVe@~@MPCTBPN\Z^\f@^Tx@|@JPv@b@PTb@^nApATZXNRZ`@`@TXj@j@\d@JH|@rAj@j@?PCJKJo@\YJGH?JHXN\JLAHBL\f@BLANWR[b@O`@UrA?v@Uj@Qz@Gp@Er@Cz@@ZOtAO|@GPY`@Wf@k@pBMn@?Zw@rCEXs@hD]vAOGg@MMMaAWmCeAg@KeA_@[WcAc@_@Y_@QKKs@a@cBy@e@BSDUESIQOaAa@_@]]O]YQEDKm@kAGYEGUg@KOAMIOGWSUGEE?SNGXMNSXy@n@c@l@QNEHARHLb@Tb@PN\b@TBD@JJL\Pz@|@t@n@PTDZCHm@`AOb@u@`A_A~Aq@t@e@v@CF?HLRDHAJG`@MNBLUJCC@JD@BGF?GAS@HB
1489022562,amniBahe}Mj@w@f@}@nAyAb@m@Ve@jAsAXq@?SCIEEICKSEGKCu@_Aq@m@YMSQ_AUe@eAMMOACEl@o@^Ud@m@d@[JK\i@FSVOLENBZZJb@^v@B@\|@Z\@HLJFL@HJH`Bt@fAj@lAv@v@Xn@b@\L\^b@P\Hx@h@NL`@Jf@Xl@PxAl@|@R`@NFN\TJ?DIJu@Le@Jq@d@gBRsAHSDa@HKDQB[FMl@eCFMLc@r@kAX_C@uAReAF?DU?[Fq@@[XoCT_ARYb@e@HQ?MOCQKYa@Qk@?UNWpAk@DEEQi@q@WSw@sAy@w@c@g@S]WOEKWWiAaAi@a@SY]OUYUUICAGeBsBI@CGMCe@_@GIAMBGJALHLP^^T\bA~@v@d@f@j@l@b@`@n@z@x@bAlAvAnAf@z@l@r@hAxA?FKL_@PUZ_@NCDBHLPVl@Z`@FTAPm@d@a@l@Cd@GX@|@CHMTMrAOl@Aj@Ef@?pAOt@QV@bASTKNKHk@vAOj@In@OZCNMZK`@CX@NGZCd@Of@IPARU`Ae@nAG`@?HJH`@NXD`Bl@`@TdAVrAh@r@^j@`@t@Zh@XHH^JR@z@^p@h@`Ab@`@ZtAh@VL^L|At@p@TBDNDdAj@vAl@|@f@n@d@|EfCTTn@Vf@ZFBb@Vp@Xd@`@f@NXTh@Xr@XVNH@HHhAl@@FTNPD^^VL?FFDbBr@FLPLb@NRLXHd@\b@RF?XJJFJLPHj@^FDF?JKLc@FoAPaAVi@`AmCd@s@~@kBpAqBNk@Xk@FUVi@Jy@b@sB?WF_@Lc@Ji@BED@HsBFSI_A@QP{@HKDAEj@GDEEJ[E@FGRa@B[XyAFe@@g@CS?QBSDE@ODQDwBCq@EQB}@CUHo@LE?MDODyAF]BsAZwAFGZm@@MR[HYz@mAPg@d@i@XW~AoBPYJWPUr@oA^e@Na@\B@B?LELeBxBm@|@o@n@o@lAq@j@kAlB]`@KRa@b@Sb@QREb@@`@c@bFFr@FX?ZBRE\ADIFC?CE?m@CSAEIAGEa@COGoA?c@G]Cq@@s@KCBKKi@Ie@Om@]c@c@s@u@CE?GB?LTf@d@b@Rt@f@n@T\T\JXDh@@p@@z@EXDXCf@BLDFPFh@HT@VEd@ShA?v@EX@TBPA`A@b@EXEG?KL_A@}@HID?EJA^?\BZa@jCGr@Yv@BDPAd@YbAc@RS`@?QDOJ_@`AG@[?GB{@b@a@f@AXDJAHQj@Kv@I\SjB[`AGfAIj@CHONITQP[p@_@jAMLIBQVUPUf@WZM\i@r@Ud@Uj@s@pCEVAVKd@C|@CDWHs@LGAsAe@k@_@u@YqAs@]Wk@m@iAe@i@a@WMQMYMQCQOi@UQOWESKYS[M[Ws@WY[MC[CgA}@w@g@e@_@y@_@u@a@YGc@[WKa@[[KqAy@o@U]Yg@OmBkAg@Sk@_@WEs@We@WYUk@GSQQGa@SMEa@YQC_@WICSS_Ae@E?YKQKQAeCiAw@USOQCcAYaAe@oA]wAm@w@SqAe@GKoBs@SMc@Qm@YGIMCGG_@Ka@We@QYQEKcAg@KAOGAKKGq@_@g@Sa@]i@Ya@OQM[a@Qq@IIQ[GU]c@K[UYWg@EEIBMRIHKTeAhAa@j@QZGR@Hz@^FFFXh@f@TLHNPL\N`A`AZRNT@VCLo@bASb@]^KFQVITEDMF_@t@gApAKXALDRJZ?PELg@j@NHBCQ?IKBE\SFO@I?WU}@BGRUFWK[IKSOWWEAE@CEE@AGLEZNFJp@ZHL?Fc@x@_@b@]l@_@d@YVALHZTJ~@v@\NTVRLNPh@HTJ?RCJ
1487075295,kmniBuce}MDMQY[[?G@ILOXWRYVSZm@HUPQ^k@HY@Mz@{@@GJUHEZe@TQn@u@N]EOMS_Au@cAkA[Oc@_@i@MU_@i@c@QACCm@d@OVc@\o@t@URKB_@\_@d@KDWTqAtAY^sCpCEPBUAQh@c@hBuBZ]x@q@r@w@d@]JGrA_Bp@k@bAmAl@k@LQXSbAmAVg@DADSVMNCN@NHb@|@RTNTFRt@tAHTh@r@BHdCrAp@`@`Ad@MCg@Ye@Fa@YaAc@OCu@a@CGKGSEADEAOW]}@@KAES[QO_@y@Oa@MKU_@ECIBEDg@|@QNGBMT[^g@f@MNBFEV?DDDLAPNf@VFLDXRZFCLFFHRJ\l@XVRHVPTZVPFPET]l@QNS`@{@fAIPW`@s@x@S\a@^q@~@_@ZG@IPOLKP?LFR^RXXh@^~@v@ZRZDTJHAE@OG
1485460783,ugniBszd}MD@@FBLAJDiDE]FAHBSJAQu@IMEECEM_@WQW]Ui@i@GCMAGEEG?IBM^a@^o@PMBUJSDGHCJM@G\Y`@k@h@_AHELSHEd@{@LKLYJGFDF]Vg@@ECKKQ]WGCUUOEEE_@k@GEI?IIICUQAEOOMCg@We@q@MKIEEC?IGAqAhAQXa@\YZCFWR[b@q@l@y@~@YVMPwApA}@lAKFQ?CCDMb@e@n@g@JSn@u@LC|@eARO\e@\SNU^e@PONEz@w@n@i@HCNQ\Wb@s@D?BIHIAEBE^YHQZ[l@_ANOXGb@JHFFPVVN\DTR\DRTXN`@PRDJ`@b@ZJ\T\Jt@`@PDBDHBd@V`Ab@NDPNdAd@l@b@j@XPNn@TNLv@ZLHd@Pb@HfBr@h@@HRDD^NFERs@D[LY?EDe@^eA@GAI`@{BFYBEFA@Ip@mDFKNIJW^k@LWLk@Dc@BEAEDS?SDMCIDeA?WJy@Ae@H_ADK@YHEDWFGBq@Fi@Je@NSJ]PMm@`ASbA?FOlAAh@S|@KXGt@Ib@EfBKd@IhAIZULCJ]j@Sp@SlAs@xCIh@ITOhAUr@O`AQd@CXKXJ[XmAPsAZiALu@FOD[Pa@@IL]Bc@Je@^qAJWFUj@y@\sAFi@CO@e@VqCAI@SNk@DI?q@F_@A[BWDID[J[@STWRa@JC}@nAI\Ar@EJKjBStAGPGh@Ed@Bf@Cj@Y|BSd@GVUZQf@OFMVMZEl@IPOTIb@Cb@If@IV?VEPOVGXQj@IbAGFCR?TQZ@HGLG?SGYUkA_@AISIIKYGm@Sg@I}Aw@]UOGUOAKCAuAo@_Bo@WSSKSGOAMFMTE@}@a@KKG?IIYMg@e@c@WYYKWMQAEBCAEWa@Qa@[_@Uk@EC]s@OFaAfAIT]n@_AbAAFBNBBD?NJb@LJFTh@LP\\RJNPPH\b@TJNP^ZHRAXELUZQb@OLMZQDCFi@v@AT_@b@ODIJcAdBKJM@GDEROXYp@WVEJEAPFPNj@f@JNh@b@`@VBD@HfARADIFH?DJTJ?LMCKGU[JZRL@DELARCDMBYRYVGCACNU
1483532458,aboiBehe}M{@bAWJsAfBOX@FIFQHq@v@EZa@jAMVIJQj@i@rAm@`Aa@h@i@x@]ZWNi@l@_@VwAfAYLa@\EFw@h@c@f@_@VWHq@j@e@d@SNc@d@q@f@EH_@Vi@l@EHMFMRYVu@z@MDGFO@GFu@x@e@`@W`@gAp@OPMDwAdAoAx@MDc@V]Xy@d@OD}@d@@Ja@LULa@\OJK@QRAHQRYT{@f@c@d@KDcAjAQJUX_@\KLOJKLENTv@h@t@Hn@@p@AJI@ECEK@YF_@?GEOi@y@IIOAa@@YVy@`@OF_@BSFU@iAj@s@XM@IDGF[PMDu@d@K@OJM@m@`@YHkAr@QTw@h@m@f@SVI@IJi@`@EFSLM@u@f@w@n@m@`@_A|@KD[V_@J}@v@OPIRECCI@CX_@^Wb@c@\WJCr@o@r@k@~@q@p@a@j@w@ZSTUl@e@d@Uf@c@xA{@n@WnAs@\Uj@]l@Ml@Sj@YrBy@bBy@b@]bBwBnAuAZg@h@_@^SJA`@]@ICMGK}AeAEKG?YWOEwAeA_CuBAGSUQ_@OQCM?Q]k@I_@GKME@EI]AIBQJc@Do@DSEc@?GRu@Di@JKASLaADu@Hg@DGHAnARr@Ct@VJJJDPAFCVqAHI@WDKDa@lAkD@QAS@GBDe@fBKx@_@t@Kb@IHG^M\KPMt@Qb@YxAUj@W~@I`@Ej@UhAOlA_@tAMl@DJpAjArElDh@j@j@^VND?d@Wb@c@n@_@j@WVOHKF@NOn@[f@c@`@QJK\QXURILQbAm@jB{A`@UHOTSDKFALQFCn@m@@ELIBEp@o@hAsAHMJELWRADK?ERWBGl@k@RKh@k@~@i@BEd@[HMd@Wl@k@HED?ROt@m@BGxAoANI^Oz@u@NQP]Z_@V_@Rq@JONK\}@XsA?OLW@MBMLWDUb@cAPSHYjAoAj@}@RUNWJC`@q@LIDOAE|BkBPUVUZc@XUT[JENQd@YvAeBXYHAPSNGNMR]FCFI?Gv@q@VM?IT[PSp@k@JOBIBAXCNK^c@NK\c@FCDCLA@IDAF?CKD??TEL_@b@GL]TW^u@v@GLCNJV\^XDD@R^j@j@\VPFLJl@h@n@v@Hf@CXGHGBQ`@o@`A_@b@SNMXs@v@QXQNc@j@DZFNBTE^Oh@GHG?BDJ@GcADC?E@_@Ig@@ILAFGPg@PQJCDGHSJKFOLOTg@HGHOLIZc@JG?QLQDORSHWAU[SYi@YWQWUIOQm@SKOQIU?_@RYZQXUTS`@MHc@v@[ZaAzAm@r@SNa@l@k@f@TXb@\^XH@X^`@VJLRJTb@XXD?ZX\LRZRHLTp@t@PJZZf@DFBHF
347762912,mtopBothaMEDBEOC@NKAMMSDIGEHG@SCMIw@sAMIQ]Ce@B[G_@@UFYBEHCFSCQOSAOCEGi@KIG?y@j@{@d@m@b@_@NqBlAo@`@a@`@mBlCg@j@ENA\@DRNj@Vh@\vD~AhCvAn@VlAl@h@LNHd@NRLvBp@ZPDDb@Fj@T`AVRJv@TXFZJTDTJt@H`ABj@Hl@@`EXp@HNDdAJNDjBNt@B|AHxEFX@d@Jr@J~@?lBHh@AVDb@KVSl@wBDCPw@n@oBf@gCNe@Jg@HoAAcBGaAUqAq@mB]k@k@uAo@kAaCoDYi@UWe@w@o@y@gAkAYa@Um@Gm@Ba@LcB?[LkACGPgBLwBCo@KY_@YSEUMkDsDu@q@[MUQe@w@m@s@y@y@{BaCg@c@s@{@UMEAqAgAAOPPHD@RGHFQNICBLIWDACEACCQCFI]_@cAo@eB_B[k@_@g@[e@OKAGEEKEEKAOFWPMb@Bj@MZc@HWV{AHsAAcAAEAeCKmDBOHGH@BPDBBA@KCc@BCE@AECDJF@l@I?GEE_@AYOyBWcBOm@CWK[Wi@y@eAq@gAe@iAQm@Mm@KgABsCAS?i@Bg@A[BK?SBk@b@qC@]n@mF@eAGM]]GOi@DECIAyABQEm@Ck@K{@EUEmAIqAQYA_AMsAGK?KFQNId@IhCDXAD@`ACPCjAEd@Kh@Gn@W~@@b@HXDHp@v@f@L`ABVFj@HTJXFZVfA`@h@^t@XlAn@^TDHh@XFHHZDdACt@@\GPBh@CJBPE?KVEV?DI^CXDt@MJGPGl@Qh@IlA@FCFEl@CDARW`@W`ACP?RUd@ShAD@HJ`@j@RNFJDBHPNJ@FNHPRXNJDRRHNF@LHZj@`@f@PJh@f@JNJ@BB?FBBFLTTHHPDNPLFVTDN?XP`@JJ@FVTDJTTZd@ZVt@r@RHTPVb@~@jAPLDHD?LFZj@ZTBJPRTT^b@PNt@z@XTjAjAbAnAf@d@RZTPdAnADF@PBBJABDBCBJCp@S`@_@`@_Aj@k@\o@NCDa@NOJUFM?UJSLEL[ZWFEFWLGH_A`@OJiAh@i@^MBs@\e@Zk@RaAn@g@VYJML}@`@WPk@X}@h@kAj@GNAPPh@BNCBIBEAGICWGKMMG@KFWXq@ZSFQLa@ROJSTwBvAUPCD@FTb@FD@\HHFTATEBEXKXIBBTCXHn@r@bAF?Lb@^XDCNB\ER@JCFDNCDB?LFBCCENMG?HECCOE@
322208689,{yopBmthaMMBHWMIEKA[CIFGKUECAMII@OCEBIBGAi@Bc@RYFi@AMOWIE?GKI]Y[ROR[LMJg@Tu@`@MRGAMJQ@STSFCHMB[ZUVOFa@XKPALIPILi@\OZSDKPKBGN?PEDBL\ZXPT@PFb@ZHANL^f@H@RLPDd@VTDRJb@ZLBLIVHJLF?JH|UzHHTb@J^M@GNIRCn@VJP\AHBFAHB^@LHVFPJhABx@HJCT@XIP?HBb@DBA`@FRHZCBALALBHARFt@BHF\ATBZAt@FXFRANFZ@TEPDFFlADPDhAEh@BJBFANDP@PETB\CNILADCBSXiAVm@DC@OZqA?MBMBGPKTg@ZwBPk@RiAEMBOIa@@GC_@BWMw@WqAQ]QQ?GMU?GQc@QYCQEE?GUY?GII@KMSI[Ug@SKOSEAi@w@KCQOO[COSc@Y]GCIK?EIWOYe@a@o@}@UQSYWWIW@MAOCIEu@Le@?YAEB_@AKFWAKFo@AQJw@AYBWRm@N}@GK@]EK_@g@KAGDG?WMKOQGOUAEUWc@[e@k@Q]qB_BMQAGICOQEKSMMQKE_@m@k@c@UYs@i@i@o@SMOSMG[a@aAw@OSu@q@[a@MG[c@GMAIIE?GOOQISQQKK]UW]_AAIWg@RAJM@INOLWPSBIGGLc@NSAIBKIUFCBUFK?EBMAGDUAY@E@QCw@DUAu@AI@OCI?g@CWBe@@wASmCBIAIHIMoAEO?GAO[w@EUMQIUSMKSYUY]Uw@We@Wq@K]MYSuAAi@Da@BmBBa@?}AJy@@e@BK@w@Lc@@[DGAOHc@@g@HSBUH[CQP}@@]Fc@AUFa@ASBG?MLUAMLy@?_@@EAEAQ@UJU@k@?Q@OQwAEEAOMWAOEQECCGCe@]k@KMOKGOGE?GEAGQYSGQ_AeAGCKU[KAEIk@@IGS@GGMCk@EOIo@?WGGCOLGGGCMEE@CBELJ@PDJAL@RENJRJ\JRATDLADEARDDRDBHPNLJP`@b@ZTNTFBP\p@t@HVHDJTNRJd@d@lAFj@DLAPJn@APHZ@TCZEHBDGFER@d@EH?NCTDPER@^K\F?BBCBDDf@JTALFDCJ@V?DBL?DBd@DJFHA\HV?^HXAL@XOHKN?H@X?BDTAf@HF?\BDBLAHELAJD^@JAHDP?VI\CHBVCbBLFD^FJKBHHA@IFFBG@RBD?JBFDVCVDVEN@d@G\O`@AJM^?DMVH`ACZA^CZBZCb@EF?HIj@@b@KNGL@FGh@@\INENDn@ANJZTfAKX@DATBDCNGNCTIHIVFf@Ih@WvADj@HPSr@EV?ZAFALBx@I`@@b@K\EvAOn@Gb@?RFLG?Gd@BHGh@GHFV@VG`@KVSz@BHGXEFGb@ED?NEJ?LELCZIDCDAJGBADFb@HN@FI\@r@CTGVGT]v@[^Yv@MTADIHIVGB?DOPSP?J@PRXBFLL@F^LVTHPLFBHPDJN?FJH@DHFX`@FD^j@LJAHTR@DJHFNh@`@DNDBDJLPD?PND?JLZRb@~@j@l@DDF@FHBFBXEZBXCFUTIBQPOFYTc@TGH_@HQJO@k@\WHIJg@\CJKFED[LE?UHs@`@MB]PMBYPk@b@{@\E?KFUFYTi@NOPUN]F_@RUH]V?FKHe@TKJIBWNQV_@NWFy@d@]Ja@RUXI@UPE?EDo@l@o@ZKJKBc@\GJQFSLWHk@`@YLc@ZAPDNLV@LPXDJEXSh@@PELO^Fd@FN@HDLD@DDFPJH@LJD?NLVHD\IF@HELLLAPDB?FKT@K@MJ
312580455,_topB}rhaM]Ki@c@a@DSCODg@eAMi@ANJKGPI@USP@@GMIIQFSR@@YM??[CSPGVLOYJCU[K]XAKACG?OEDDICGEAAGCCFWE?@KMIBAOC@ED@G?DDGIMFu@j@c@T[Tc@LCDSJWPaBx@i@`@}@`AQ^YXq@nA?JQHOXCF@LLLbAZx@h@XHtEdCdCfAHHl@LXBLHh@JLLZLvAh@t@Pv@b@FFf@NHHZBTJRDZ?VTx@NNFBFp@Ch@FHAHB\ANBF?l@Lv@Jr@BfAJNDl@Dz@JlBJNFf@?h@FpADRBn@BXD\CtA@^BXHX?d@FR?^ETBb@?d@DNDN?NB\KJ?|@IHEDK@SDMAKDUFUVi@Hg@p@iBd@mB^aCDaADG@OAwA_@oBSi@?Iw@}AWw@OQCOQYEW_BmBAGe@u@UYGQmAoBa@e@MSmAoAa@k@IQ@MEq@@MCc@DS?UBEDcACOFqARsBFUFi@DSB]?QO]IIk@MMIm@c@Ui@AIOSGCGMYa@QSkA_A_A_AWe@g@o@iAkA}@q@MWQUGAUQYYk@[WWGCEGoCkBW]c@_@]_@M[s@q@SWKWWWW]CO@Mj@g@JQ?EJQRu@BQHS@ML_@Jw@HaACuDKiAD_CE_A@UAKCo@EUAc@Ea@Ms@ISg@qAq@_AUg@SYUS[s@I[We@Oy@Gg@AyABsAAgAJm@?k@FeALy@CGJWJk@BOCOBQ?GJw@Lm@JsAHc@Da@?c@B[D]Jc@PuCLu@?i@Cw@W}AKa@Oc@}@cBoAkBaAkAQMYEQG?e@Qe@ASU{@Gm@?MHa@?WDKF@FHBRH@CCKH?FJvA`ArBlAdBTRh@p@f@|@Vh@t@tBPbAJ`@FbA@n@APEJBLCRCPGPGb@Cf@?LGd@BJ`@LdANtAFb@JxAHf@?PETORIJ?LDb@Bj@L^D\L|@Fl@HX?f@Fh@A|@JPAj@@HDFPG`BM~@O`C?VKv@?v@E~@G^EpAMhBCrAB~@O~ASjDKjDGn@EnAKhAEjAOpAIZQtDQ|@QpBOxBE`@KZEXC^Gl@GPCVM`@k@pAY\M\c@~@WXQJITDTJVn@n@P\TZrAjAfAjAn@h@nAvAb@j@t@t@~@fANJERBj@ANANIJc@TiAf@gA`@sBrAu@ZyBnA}@`@}DxBiClAg@Z[LSN[HaB`AgAx@qBfAe@\kAr@MJ_BdAQLc@T[X?Lh@jB@R?JIBMRGBGREd@ENEDOHCDBH?`@IREBCNF`@HTFDDA?CCJIAD@@RTHj@EJMPFNAFBDCTJPCFEZGh@ALB@CLD@LOBMACCCJBDKGFJCKD@
